doc_id,file_path,title,customer_role,source_url,retrieved_at,document_version,license_or_permission
nd52-bao-ve-thong-tin-ca-nhan,data/k4_ecommerce/nd52-bao-ve-thong-tin-ca-nhan.md,Bao ve thong tin ca nhan cua nguoi tieu dung trong thuong mai dien tu,buyer,https://thuvienphapluat.vn/chinh-sach-phap-luat-moi/vn/chong-lua-dao/58992/05-quy-dinh-ve-bao-ve-thong-tin-ca-nhan-trong-thuong-mai-dien-tu,2026-08-03,52/2013/ND-CP,trich-dan-van-ban-quy-pham-phap-luat-cong-khai
nd52-dang-ky-thong-bao-website,data/k4_ecommerce/nd52-dang-ky-thong-bao-website.md,Dieu kien va thu tuc thong bao dang ky website thuong mai dien tu,seller,https://vanban.vcci.com.vn/nghi-dinh-522013nd-cp-cua-chinh-phu-ve-thuong-mai-dien-tu,2026-08-03,52/2013/ND-CP,van-ban-quy-pham-phap-luat-cong-khai
nd52-quy-che-hoat-dong-san,data/k4_ecommerce/nd52-quy-che-hoat-dong-san.md,Quy che hoat dong cua san giao dich thuong mai dien tu,both,https://vanban.vcci.com.vn/nghi-dinh-522013nd-cp-cua-chinh-phu-ve-thuong-mai-dien-tu,2026-08-03,52/2013/ND-CP,van-ban-quy-pham-phap-luat-cong-khai
nd52-quy-trinh-dat-hang-truc-tuyen,data/k4_ecommerce/nd52-quy-trinh-dat-hang-truc-tuyen.md,Quy trinh giao ket hop dong khi dat hang truc tuyen,buyer,https://vanban.vcci.com.vn/nghi-dinh-522013nd-cp-cua-chinh-phu-ve-thuong-mai-dien-tu,2026-08-03,52/2013/ND-CP,van-ban-quy-pham-phap-luat-cong-khai
nd52-trach-nhiem-nguoi-ban-tren-san,data/k4_ecommerce/nd52-trach-nhiem-nguoi-ban-tren-san.md,Trach nhiem cua nguoi ban tren san giao dich thuong mai dien tu,seller,https://vanban.vcci.com.vn/nghi-dinh-522013nd-cp-cua-chinh-phu-ve-thuong-mai-dien-tu,2026-08-03,52/2013/ND-CP,van-ban-quy-pham-phap-luat-cong-khai
nd52-trach-nhiem-san-tmdt,data/k4_ecommerce/nd52-trach-nhiem-san-tmdt.md,Trach nhiem cua thuong nhan to chuc cung cap dich vu san giao dich thuong mai dien tu,both,https://vanban.vcci.com.vn/nghi-dinh-522013nd-cp-cua-chinh-phu-ve-thuong-mai-dien-tu,2026-08-03,52/2013/ND-CP,van-ban-quy-pham-phap-luat-cong-khai
nd85-2021-diem-moi-bao-ve-nguoi-tieu-dung,data/k4_ecommerce/nd85-2021-diem-moi-bao-ve-nguoi-tieu-dung.md,Diem moi ve bao ve quyen loi nguoi tieu dung trong Nghi dinh 85/2021/ND-CP,buyer,https://moit.gov.vn/tin-tuc/thong-bao/mot-so-diem-moi-ve-bao-ve-quyen-loi-nguoi-tieu-dung-trong-nghi-dinh-so-85-2021-nd-cp-ve-thuong-mai-dien-tu.html,2026-08-03,85/2021/ND-CP,van-ban-quy-pham-phap-luat-cong-khai
returns-policy,data/k4_ecommerce/returns-policy.md,Dieu kien giao dich chung va chinh sach hoan tra tren website thuong mai dien tu,seller,https://vanban.vcci.com.vn/nghi-dinh-522013nd-cp-cua-chinh-phu-ve-thuong-mai-dien-tu,2026-08-03,52/2013/ND-CP,van-ban-quy-pham-phap-luat-cong-khai
seller-listing,data/k4_ecommerce/seller-listing.md,Thong tin nguoi ban phai cong bo khi dang ban tren website thuong mai dien tu,seller,https://vanban.vcci.com.vn/nghi-dinh-522013nd-cp-cua-chinh-phu-ve-thuong-mai-dien-tu,2026-08-03,52/2013/ND-CP,van-ban-quy-pham-phap-luat-cong-khai
